mois;annee;evenement;budget_verse;budget_engage;budget_solde;capital;logements;logements_a_reloger;canopee_moy;impermeabilise_moy;charge_max;stationnement;riverain_moy;note
0;2026;le contrôle de recoupement avec Godot — même décision, même seuil, même mois. Les deux moteurs doivent donner la même canopée moyenne au mois 60.  ⚠ plein effet au mois 63, après la fin de la partie;8.3;1.81;6.5;49.0;2549;0;0.198;0.596;1.0;3328;0.425;
1;2026;;8.3;1.81;13.0;49.0;2549;0;0.198;0.596;1.0;3328;0.425;
2;2026;;8.3;1.81;19.6;49.0;2549;0;0.198;0.596;1.0;3328;0.425;
3;2026;;8.3;1.81;26.1;49.0;2549;0;0.198;0.596;1.0;3328;0.425;
4;2026;;8.3;1.81;32.6;49.0;2549;0;0.199;0.596;1.0;3328;0.425;
5;2026;;8.3;1.81;39.1;49.0;2549;0;0.2;0.596;1.0;3328;0.425;
6;2026;;8.3;1.81;45.6;49.0;2549;0;0.202;0.596;1.0;3328;0.425;
7;2026;;8.3;1.81;52.2;49.0;2549;0;0.203;0.596;1.0;3328;0.425;
8;2026;;8.3;1.81;58.7;49.0;2549;0;0.204;0.596;1.0;3328;0.425;
9;2026;;8.3;1.81;65.2;49.0;2549;0;0.206;0.596;1.0;3328;0.425;
10;2026;;8.3;1.81;71.7;49.0;2549;0;0.207;0.596;1.0;3328;0.425;
11;2026;;8.3;1.81;78.2;49.0;2549;0;0.208;0.596;1.0;3328;0.425;
12;2027;;8.3;1.81;84.8;49.0;2549;0;0.21;0.596;1.0;3328;0.425;
13;2027;;8.3;1.81;91.3;49.0;2549;0;0.211;0.596;1.0;3328;0.425;
14;2027;;8.3;1.81;97.8;49.0;2549;0;0.212;0.596;1.0;3328;0.425;
15;2027;;8.3;1.81;104.3;49.0;2549;0;0.214;0.596;1.0;3328;0.425;
16;2027;;8.3;1.81;110.9;49.0;2549;0;0.215;0.596;1.0;3328;0.425;
17;2027;;8.3;1.81;117.4;49.0;2549;0;0.216;0.596;1.0;3328;0.425;
18;2027;;8.3;1.81;123.9;49.0;2549;0;0.218;0.596;1.0;3328;0.425;
19;2027;;8.3;1.81;130.4;49.0;2549;0;0.219;0.596;1.0;3328;0.425;
20;2027;;8.3;1.81;136.9;49.0;2549;0;0.22;0.596;1.0;3328;0.425;
21;2027;;8.3;1.81;143.5;49.0;2549;0;0.222;0.596;1.0;3328;0.425;
22;2027;;8.3;1.81;150.0;49.0;2549;0;0.223;0.596;1.0;3328;0.425;
23;2027;;8.3;1.81;156.5;49.0;2549;0;0.224;0.596;1.0;3328;0.425;
24;2028;;8.3;1.81;163.0;49.0;2549;0;0.226;0.596;1.0;3328;0.425;
25;2028;;8.3;1.81;169.5;49.0;2549;0;0.227;0.596;1.0;3328;0.425;
26;2028;;8.3;1.81;176.1;49.0;2549;0;0.228;0.596;1.0;3328;0.425;
27;2028;;8.3;1.81;182.6;49.0;2549;0;0.23;0.596;1.0;3328;0.425;
28;2028;;8.3;1.81;189.1;49.0;2549;0;0.231;0.596;1.0;3328;0.425;
29;2028;;8.3;1.81;195.6;49.0;2549;0;0.232;0.596;1.0;3328;0.425;
30;2028;;8.3;1.81;202.1;49.0;2549;0;0.233;0.596;1.0;3328;0.425;
31;2028;;8.3;1.81;208.7;49.0;2549;0;0.235;0.596;1.0;3328;0.425;
32;2028;;8.3;1.81;215.2;49.0;2549;0;0.236;0.596;1.0;3328;0.425;
33;2028;;8.3;1.81;221.7;49.0;2549;0;0.237;0.596;1.0;3328;0.425;
34;2028;;8.3;1.81;228.2;49.0;2549;0;0.239;0.596;1.0;3328;0.425;
35;2028;;8.3;1.81;234.7;49.0;2549;0;0.24;0.596;1.0;3328;0.425;
36;2029;;8.3;1.81;241.3;49.0;2549;0;0.241;0.596;1.0;3328;0.425;
37;2029;;8.3;1.81;247.8;49.0;2549;0;0.243;0.596;1.0;3328;0.425;
38;2029;;8.3;1.81;254.3;49.0;2549;0;0.244;0.596;1.0;3328;0.425;
39;2029;;8.3;1.81;260.8;49.0;2549;0;0.245;0.596;1.0;3328;0.425;
40;2029;;8.3;1.81;267.4;49.0;2549;0;0.247;0.596;1.0;3328;0.425;
41;2029;;8.3;1.81;273.9;49.0;2549;0;0.248;0.596;1.0;3328;0.425;
42;2029;;8.3;1.81;280.4;49.0;2549;0;0.249;0.596;1.0;3328;0.425;
43;2029;;8.3;1.81;286.9;49.0;2549;0;0.251;0.596;1.0;3328;0.425;
44;2029;;8.3;1.81;293.4;49.0;2549;0;0.252;0.596;1.0;3328;0.425;
45;2029;;8.3;1.81;300.0;49.0;2549;0;0.253;0.596;1.0;3328;0.425;
46;2029;;8.3;1.81;306.5;49.0;2549;0;0.255;0.596;1.0;3328;0.425;
47;2029;;8.3;1.81;313.0;49.0;2549;0;0.256;0.596;1.0;3328;0.425;
48;2030;;8.3;1.81;319.5;49.0;2549;0;0.257;0.596;1.0;3328;0.425;
49;2030;;8.3;1.81;326.0;49.0;2549;0;0.259;0.596;1.0;3328;0.425;
50;2030;;8.3;1.81;332.6;49.0;2549;0;0.26;0.596;1.0;3328;0.425;
51;2030;;8.3;1.81;339.1;49.0;2549;0;0.261;0.596;1.0;3328;0.425;
52;2030;;8.3;1.81;345.6;49.0;2549;0;0.263;0.596;1.0;3328;0.425;
53;2030;;8.3;1.81;352.1;49.0;2549;0;0.264;0.596;1.0;3328;0.425;
54;2030;;8.3;1.81;358.6;49.0;2549;0;0.265;0.596;1.0;3328;0.425;
55;2030;;8.3;1.81;365.2;49.0;2549;0;0.267;0.596;1.0;3328;0.425;
56;2030;;8.3;1.81;371.7;49.0;2549;0;0.268;0.596;1.0;3328;0.425;
57;2030;;8.3;1.81;378.2;49.0;2549;0;0.269;0.596;1.0;3328;0.425;
58;2030;;8.3;1.81;384.7;49.0;2549;0;0.271;0.596;1.0;3328;0.425;
59;2030;;8.3;1.81;391.2;49.0;2549;0;0.272;0.596;1.0;3328;0.425;
60;2031;;8.3;1.81;397.8;49.0;2549;0;0.273;0.596;1.0;3328;0.425;
